CoachID,FullName,Specialization,ScheduleWork,Price
COA001,Đặng Phương Hương,Tennis đơn,Cả ngày,610000
COA002,Dương Trọng Long,Bơi lội,Chiều + Tối,320000
COA003,Phan Bích Giang,Bóng chuyền,"Thứ 2,4,6",390000
COA004,Mai Hồng Nhung,Tennis đôi,Cuối tuần,690000
COA005,Lương Văn Quang,Pickleball,"Thứ 3,5,7",410000
COA006,Đinh Hồng My,Cầu lông đôi,Cả ngày,260000
COA007,Huỳnh Hữu Khánh,CrossFit,Cả ngày,570000
COA008,Đỗ Ngọc Bích,Tennis đôi,Cả ngày,410000
COA009,Ngô Thanh Ly,Kickboxing,Sáng (6h-12h),560000
COA010,Vũ Phương Kim,Bơi lội,"Thứ 3,5,7",350000
COA011,Lương Anh Nhi,Bơi lội,Sáng + Chiều,370000
COA012,Mai Ngọc Anh,Gym & Fitness,Cuối tuần,380000
COA013,Đặng Đức Quân,Kickboxing,Tối (18h-22h),430000
COA014,Bùi Thành Xuân,Kickboxing,Sáng + Chiều,580000
COA015,Phan Anh Ánh,Gym & Fitness,Chiều + Tối,380000
COA016,Nguyễn Hồng Oanh,Bóng bàn,Cả ngày,280000
COA017,Ngô Kim Đào,Muay Thai,Sáng + Chiều,440000
COA018,Trần Hoàng Kim,Bóng chuyền,Sáng (6h-12h),260000
COA019,Lê Văn Kiên,Aerobic,Sáng + Chiều,300000
COA020,Vũ Bích Trang,Kickboxing,"Thứ 3,5,7",460000
COA021,Huỳnh Minh Tuấn,CrossFit,"Thứ 3,5,7",490000
COA022,Mai Hữu Lâm,Kickboxing,Sáng (6h-12h),400000
COA023,Trần Trọng Anh,Pilates,Cuối tuần,570000
COA024,Hồ Thị Giang,Bóng chuyền,Tối (18h-22h),360000
COA025,Đặng Xuân Oanh,Bóng bàn,Sáng + Chiều,370000
COA026,Đinh Kim Uyên,Muay Thai,Chiều + Tối,450000
COA027,Ngô Thị Uyên,Bóng đá,Sáng + Chiều,560000
COA028,Ngô Quốc Đạt,TRX Training,Chiều (12h-18h),300000
COA029,Đỗ Xuân Ngọc,Yoga,"Thứ 2,4,6",480000
COA030,Võ Xuân My,Gym & Fitness,Cuối tuần,430000
COA031,Bùi Đức Thắng,Bóng bàn,Sáng (6h-12h),370000
COA032,Hồ Thanh Trang,Cầu lông đôi,Cuối tuần,300000
COA033,Trương Phương Giang,Aerobic,Chiều (12h-18h),360000
COA034,Dương Quốc Sơn,Yoga,Cả ngày,270000
COA035,Đinh Kim Uyên,Bóng chuyền,Cuối tuần,260000
COA036,Huỳnh Kim Diệu,Tennis đôi,Sáng + Chiều,420000
COA037,Võ Thanh Thư,Bóng rổ,Chiều + Tối,540000
COA038,Đặng Minh Công,Yoga,Cuối tuần,460000
COA039,Huỳnh Ngọc Linh,Tennis đơn,Cả ngày,550000
COA040,Vũ Quang Nghĩa,Cầu lông đôi,Sáng (6h-12h),390000
COA041,Phan Thành Việt,Bơi lội,Chiều + Tối,500000
COA042,Nguyễn Phương Thu,Cầu lông đơn,Sáng + Chiều,330000
COA043,Võ Xuân Phương,Aerobic,"Thứ 2,4,6",390000
COA044,Lê Đình Hải,Bóng rổ,Tối (18h-22h),330000
COA045,Trần Hồng Phượng,Kickboxing,Cả ngày,530000
COA046,Đinh Ngọc Phượng,Cầu lông đơn,Sáng (6h-12h),280000
COA047,Bùi Quang Khánh,Gym & Fitness,Sáng + Chiều,310000
COA048,Hoàng Hoàng Ánh,Kickboxing,Sáng (6h-12h),400000
COA049,Đinh Thành An,Bóng đá,Sáng (6h-12h),390000
COA050,Lý Hồng Ly,Bóng đá,Chiều (12h-18h),320000
COA051,Huỳnh Quốc Công,Aerobic,Chiều (12h-18h),340000
COA052,Đỗ Quang Dũng,Kickboxing,Chiều (12h-18h),660000
COA053,Mai Anh Thu,Tennis đơn,Sáng + Chiều,560000
COA054,Trần Kim Thủy,Tennis đơn,Chiều (12h-18h),660000
COA055,Lương Đình Tùng,Aerobic,Chiều (12h-18h),330000
COA056,Lý Ngọc Huệ,Bóng đá,Cuối tuần,310000
COA057,Mai Bích Thư,Bóng chuyền,Tối (18h-22h),450000
COA058,Nguyễn Xuân Hạnh,Pickleball,"Thứ 2,4,6",270000
COA059,Lương Minh Phong,Tennis đôi,Chiều (12h-18h),500000
COA060,Lương Kim Lan,Tennis đôi,Sáng (6h-12h),690000
COA061,Trần Thị My,Zumba,Chiều (12h-18h),320000
COA062,Đỗ Hoàng Oanh,Muay Thai,"Thứ 2,4,6",480000
COA063,Võ Hoàng Anh,Kickboxing,"Thứ 2,4,6",410000
COA064,Huỳnh Đình Khoa,Cầu lông đơn,Sáng + Chiều,220000
COA065,Lương Kim Dung,Bơi lội,Cả ngày,560000
COA066,Huỳnh Hữu Hùng,TRX Training,"Thứ 2,4,6",310000
COA067,Trương Hữu Hùng,Tennis đôi,Sáng + Chiều,720000
COA068,Phan Văn Minh,Boxing,Cả ngày,660000
COA069,Lương Bích Diệu,Bơi lội,Tối (18h-22h),420000
COA070,Đặng Thành Khánh,Bơi lội,Cuối tuần,560000
COA071,Nguyễn Trọng Hiếu,Tennis đơn,"Thứ 2,4,6",640000
COA072,Đặng Thành Bình,Muay Thai,Tối (18h-22h),450000
COA073,Hoàng Văn Phong,Bơi lội,Sáng (6h-12h),570000
COA074,Hồ Quốc Hoàng,TRX Training,Sáng (6h-12h),370000
COA075,Ngô Thị Nhi,Cầu lông đôi,"Thứ 3,5,7",280000
COA076,Trần Hoàng Ngọc,Yoga,"Thứ 2,4,6",550000
COA077,Võ Phương Phượng,Muay Thai,Sáng (6h-12h),610000
COA078,Lương Thành Thắng,Cầu lông đơn,"Thứ 2,4,6",230000
COA079,Võ Kim Yến,Bơi lội,Cuối tuần,420000
COA080,Lương Thị Kim,Yoga,Tối (18h-22h),390000
