CoachID,FullName,Specialization,ScheduleWork,Price
COA001,Bà Hương Hoàng,Cầu lông,Tối,499421
COA002,Trọng Lê,Tennis,Sáng,761498
COA003,Quý cô Hạnh Mai,Bóng đá,Tối,521230
COA004,Lâm Bảo Phạm,Gym,Sáng,558288
COA005,Hạnh Nguyễn,Cầu lông,Cả ngày,349522
COA006,Hà Phú Dương,Tennis,Tối,599808
COA007,Nhật Dương,Bóng rổ,Tối,668382
COA008,Hải Bùi,Cầu lông,Sáng,451164
COA009,Bảo Bảo Bùi,Bóng đá,Cả ngày,489599
COA010,Chị Linh Phạm,Cầu lông,Chiều,585815
COA011,Huy Hoàng Nguyễn,Gym,Sáng,478601
COA012,Bác Hoàng Đặng,Cầu lông,Cả ngày,328492
COA013,An Vũ,Tennis,Sáng,477633
COA014,Anh Nhiên Vũ,Gym,Chiều,459850
COA015,Cô Phương Đặng,Cầu lông,Cả ngày,321995
COA016,Bà Lâm Nguyễn,Tennis,Tối,523953
COA017,Bà Hà Nguyễn,Cầu lông,Sáng,674800
COA018,Anh Phúc Lê,Gym,Cả ngày,430697
COA019,Nhật Dương,Bóng rổ,Chiều,309313
COA020,Bảo Trí Bùi,Bóng đá,Sáng,760105
COA021,Anh Hưng Trần,Bóng đá,Cả ngày,756615
COA022,Bác Quang Lê,Tennis,Chiều,348990
COA023,Bác Hoàng Phạm,Bóng đá,Sáng,586253
COA024,Bảo Quang Đặng,Gym,Cả ngày,296865
COA025,An Hữu Nguyễn,Gym,Tối,533799
COA026,Thành Hoàng,Cầu lông,Chiều,580368
COA027,Quang Xuân Phạm,Tennis,Chiều,653976
COA028,Ông Dũng Phạm,Gym,Cả ngày,472379
COA029,Dũng Hải Dương,Tennis,Cả ngày,250970
COA030,Hưng Văn Hoàng,Bóng đá,Cả ngày,403419
COA031,Nam Mai,Cầu lông,Sáng,754735
COA032,Phúc Văn Hoàng,Bóng rổ,Tối,354757
COA033,Quý ông Anh Đặng,Cầu lông,Cả ngày,685280
COA034,Quang Tấn Hoàng,Bóng rổ,Chiều,650861
COA035,Phúc Quang Phạm,Bóng rổ,Tối,626495
COA036,Yến Dương,Cầu lông,Chiều,690765
COA037,Chị Lan Phạm,Bóng đá,Sáng,492193
COA038,Cô Linh Trần,Bóng đá,Sáng,574456
COA039,Phúc Mai,Cầu lông,Cả ngày,763095
COA040,Bảo Đức Hoàng,Bóng đá,Sáng,585338
COA041,Nam Vũ,Tennis,Sáng,238133
COA042,Khoa Phạm,Bóng đá,Chiều,707348
COA043,Nhật Hoàng,Cầu lông,Chiều,268904
COA044,Lâm Xuân Dương,Tennis,Chiều,535322
COA045,Quý cô Lan Trần,Bóng rổ,Chiều,325740
COA046,Hải Hoàng Phạm,Bóng rổ,Sáng,515751
COA047,Khoa Bùi,Cầu lông,Sáng,428187
COA048,Lan Phạm,Bóng rổ,Sáng,718391
COA049,Ông Bảo Dương,Cầu lông,Sáng,408099
COA050,Dương Vũ,Bóng đá,Chiều,596449
